,adm3_pcode,storm_id,value_count,v_max,dis_track_min
0,PH052001000,2018155N10132,7,8.656768484858972,302.7909839266004
1,PH052010000,2018155N10132,2,8.046799959829674,305.812957874641
