,adm3_pcode,storm_id,value_count,v_max,dis_track_min
0,PH175307000,2019308N13114,128,12.114211202235392,295.647993742334
1,PH175312000,2019308N13114,44,12.07447007533843,297.9316131767553
